{
  "params": {
    "ALPHA": 18.549950720000005,
    "BACKTRACK_PENALTY": 0.0,
    "RECENT_VISIT_PENALTY": 0.0,
    "CURIOSITY_WEIGHT": 10
  },
  "step": {
    "ALPHA": 6.122200320000003,
    "BACKTRACK_PENALTY": 6.122200320000003,
    "RECENT_VISIT_PENALTY": 1.7006112000000007,
    "CURIOSITY_WEIGHT": 6.122200320000003
  },
  "best_score": 4895.489651200001
}