{
  "params": {
    "ALPHA": 50,
    "BACKTRACK_PENALTY": 1.0,
    "RECENT_VISIT_PENALTY": 1.0,
    "CURIOSITY_WEIGHT": 46.405840332800025
  },
  "step": {
    "ALPHA": 19.83592903680001,
    "BACKTRACK_PENALTY": 5.509980288000003,
    "RECENT_VISIT_PENALTY": 0.11809800000000004,
    "CURIOSITY_WEIGHT": 19.83592903680001
  },
  "best_score": 20239.11996356634
}